index,y_lo,y_hi,count,x_lo,x_hi,x_q05,x_q95,z_lo,z_hi,z_q05,z_q50,z_q95
0,-0.641688049,-0.625749796,381,-0.004199945,0.003980055,-0.003374945,0.003355055,0.06465809,0.072566092,0.065230086,0.068227097,0.071677089
1,-0.625749796,-0.609811544,366,-0.006034947,0.005693053,-0.005402697,0.005001554,0.063424088,0.074715093,0.064037342,0.068989091,0.073919091
2,-0.609811544,-0.593873291,762,-0.024996947,0.024602052,-0.023655947,0.023559851,0.063104093,0.091796093,0.063958136,0.073921092,0.090880237
3,-0.593873291,-0.577935038,2029,-0.024978949,0.024534052,-0.02281535,0.022384052,0.062945083,0.104021087,0.067465089,0.076440081,0.090637691
4,-0.577935038,-0.561996786,3014,-0.02269195,0.02241705,-0.02060795,0.02053505,0.052022085,0.103887089,0.054708981,0.070205081,0.098748789
5,-0.561996786,-0.546058533,2075,-0.020850951,0.020626048,-0.017995352,0.017816348,0.054722082,0.10074009,0.058092182,0.069289081,0.09596619
6,-0.546058533,-0.53012028,2135,-0.016079951,0.015735049,-0.014197353,0.013933247,0.05937108,0.101173088,0.062467782,0.078894079,0.098703086
7,-0.53012028,-0.514182028,1153,-0.013787953,0.013582046,-0.013245155,0.013023646,0.062793083,0.097256087,0.064407675,0.081331074,0.095422484
8,-0.514182028,-0.498243775,1207,-0.014159956,0.013969044,-0.013372355,0.013093944,0.063164078,0.102484085,0.064928775,0.084396072,0.10039538
9,-0.498243775,-0.482305522,1314,-0.014498958,0.014210042,-0.013892657,0.013603143,0.063863076,0.101274081,0.065656577,0.080417074,0.09953343
10,-0.482305522,-0.46636727,1317,-0.015268959,0.014927041,-0.014494558,0.014076842,0.064615071,0.107509084,0.066451876,0.081941076,0.105915678
11,-0.46636727,-0.450429017,1261,-0.016138962,0.015792038,-0.01532396,0.01496504,0.06555707,0.112610072,0.067287065,0.081425071,0.105398074
12,-0.450429017,-0.434490764,1611,-0.016658964,0.016421037,-0.015583961,0.015486039,0.066859066,0.112688072,0.068705067,0.085064068,0.110894077
13,-0.434490764,-0.418552512,1551,-0.017221963,0.016875038,-0.016353963,0.016045537,0.06786707,0.117373072,0.070054069,0.089941069,0.113978073
14,-0.418552512,-0.402614259,1497,-0.017603965,0.017329035,-0.016759164,0.016634635,0.069081068,0.117256075,0.071120067,0.089827061,0.115259868
15,-0.402614259,-0.386676006,1714,-0.018008966,0.017716033,-0.017262765,0.017046485,0.070639059,0.120513067,0.073173258,0.096036568,0.119068269
16,-0.386676006,-0.370737754,1679,-0.018490968,0.018201031,-0.017913967,0.017686133,0.072097063,0.12727806,0.074489059,0.094894066,0.11965297
17,-0.370737754,-0.354799501,1723,-0.019007968,0.018740032,-0.018358868,0.018034632,0.073579058,0.127239063,0.075967462,0.100227065,0.124224763
18,-0.354799501,-0.338861248,1798,-0.019468971,0.019402029,-0.018913271,0.01873273,0.074963056,0.133497059,0.077428803,0.103275061,0.131393664
19,-0.338861248,-0.322922996,1860,-0.020344973,0.020114029,-0.01948012,0.019277081,0.07668905,0.14049606,0.079477905,0.100989059,0.137041612
20,-0.322922996,-0.306984743,1915,-0.021103974,0.020920025,-0.020448373,0.020228628,0.078338049,0.140334055,0.081174051,0.104269058,0.137469758
21,-0.306984743,-0.29104649,2285,-0.021891974,0.021687025,-0.020904575,0.020853426,0.080435053,0.147719055,0.083171643,0.113180049,0.145942062
22,-0.29104649,-0.275108238,2078,-0.022493975,0.022250025,-0.021740125,0.021533275,0.082136042,0.147006065,0.085300198,0.111656055,0.145180061
23,-0.275108238,-0.259169985,2190,-0.023158977,0.023085022,-0.022210226,0.022038023,0.084265046,0.15572004,0.087324994,0.116513051,0.153080647
24,-0.259169985,-0.243231732,2987,-0.579958975,0.578072011,-0.577947688,0.575958699,0.086767048,0.368981063,0.09079084,0.141760051,0.266715559
25,-0.243231732,-0.22729348,5218,-0.580241024,0.578487992,-0.577662033,0.575968027,0.089909039,0.386832088,0.096520292,0.264873564,0.378885542
26,-0.22729348,-0.211355227,8436,-0.579510987,0.577777982,-0.572135016,0.570428237,0.093036041,0.39707908,0.104849791,0.209942058,0.388229102
27,-0.211355227,-0.195416974,11352,-0.57743299,0.575619996,-0.566069621,0.564169902,0.096615046,0.40479809,0.111168296,0.233356558,0.39736
28,-0.195416974,-0.179478722,14634,-0.573019028,0.571228981,-0.549764422,0.549511191,0.099583045,0.410727084,0.120799035,0.252660558,0.400786941
29,-0.179478722,-0.163540469,19924,-0.566541016,0.564473987,-0.534754544,0.533634421,0.103387035,0.418859094,0.131943197,0.279818058,0.403856531
30,-0.163540469,-0.147602216,26065,-0.561224997,0.559329987,-0.538233602,0.536274207,0.106816038,0.423652083,0.144037625,0.275846064,0.411849082
31,-0.147602216,-0.131663963,21726,-0.551950991,0.550463021,-0.526576504,0.526043251,0.110489041,0.428021103,0.143898785,0.29984805,0.416420102
32,-0.131663963,-0.115725711,21206,-0.543542981,0.542066991,-0.514569521,0.513935015,0.114278033,0.432835102,0.145544276,0.314252555,0.421278596
33,-0.115725711,-0.099787458,21733,-0.532963991,0.530821025,-0.506380796,0.504856002,0.071126021,0.437466055,0.125777632,0.327470064,0.428341085
34,-0.099787458,-0.083849205,27167,-0.519990027,0.518074989,-0.475748387,0.473827288,0.004907012,0.441625059,0.022964515,0.307003021,0.431075662
35,-0.083849205,-0.067910953,27780,-0.506326973,0.504917979,-0.457673837,0.454710603,0.004049011,0.44551006,0.011845013,0.314982042,0.434993409
36,-0.067910953,-0.0519727,31491,-0.491551012,0.490606993,-0.437473997,0.439467013,0.001414008,0.451031059,0.006674509,0.271393031,0.439547554
37,-0.0519727,-0.036034447,31928,-0.481040001,0.479999006,-0.416698813,0.419304045,0.001342006,0.451247066,0.009560008,0.246205032,0.441552562
38,-0.036034447,-0.020096195,28040,-0.458649009,0.457098007,-0.399089909,0.401157254,0.002824004,0.452857047,0.014893007,0.312779039,0.444264455
39,-0.020096195,-0.004157942,25198,-0.436536998,0.436024994,-0.388323198,0.390172507,0.002154002,0.454842061,0.088600755,0.358303025,0.446593198
40,-0.004157942,0.011780311,23816,-0.414884001,0.414184988,-0.376280494,0.373299986,0.097941011,0.456482053,0.123423263,0.377123564,0.44870355
41,0.011780311,0.027718563,25836,-0.391440988,0.390096009,-0.347901747,0.348156989,0.142132014,0.45848307,0.161180019,0.357630029,0.450711571
42,0.027718563,0.043656816,26992,-0.365341008,0.364318997,-0.320598546,0.320011558,0.150771022,0.460424066,0.167492168,0.36723353,0.453754067
43,0.043656816,0.059595069,30076,-0.336867005,0.335204005,-0.286297239,0.284159496,0.144503996,0.464018047,0.171513256,0.359450042,0.457563072
44,0.059595069,0.075533321,29266,-0.304859996,0.304187,-0.256520003,0.255482748,0.133983999,0.482474059,0.16974175,0.368393525,0.461783051
45,0.075533321,0.091471574,24086,-0.263296008,0.262551993,-0.228541762,0.227774989,0.123409003,0.486104071,0.153340999,0.289181024,0.477846563
46,0.091471574,0.107409827,26881,-0.231695011,0.23080498,-0.200460017,0.199262992,0.099945001,0.484933048,0.119275004,0.240791008,0.469213068
47,0.107409827,0.123348079,18490,-0.207276016,0.207202986,-0.084250107,0.084535994,0.070511989,0.46975407,0.089493694,0.175138995,0.28994301
48,0.123348079,0.139286332,21960,-0.085116006,0.08471299,-0.077461762,0.077635533,0.008604982,0.314736009,0.030130634,0.141369998,0.292902893
49,0.139286332,0.155224585,23325,-0.089246012,0.088835984,-0.075046816,0.074957383,0.00436698,0.385338038,0.011091581,0.148989007,0.300365412
50,0.155224585,0.171162837,17383,-0.098769017,0.098633982,-0.076990016,0.077296987,0.000798977,0.428885043,0.006941179,0.169924989,0.366754097
51,0.171162837,0.18710109,19287,-0.099516012,0.099201985,-0.084927512,0.084535986,0.000129977,0.432611018,0.003586077,0.180998981,0.393849429
52,0.18710109,0.203039343,15163,-0.105372012,0.104756989,-0.078782814,0.078720886,-2.5e-08,0.445849031,0.007273974,0.220245004,0.41134392
53,0.203039343,0.218977595,14557,-0.105566017,0.104940988,-0.069739616,0.069814384,0.000164973,0.521983087,0.007961573,0.274778008,0.501754045
54,0.218977595,0.234915848,12000,-0.078405023,0.07850498,-0.046248019,0.045627283,0.00098797,0.504389048,0.193941996,0.342514992,0.492004636
55,0.234915848,0.250854101,7721,-0.059715021,0.059441976,-0.052858021,0.052856978,0.251336008,0.491368026,0.306755006,0.418128043,0.48486802
56,0.250854101,0.266792353,6885,-0.060119022,0.059875976,-0.054783422,0.054414777,0.351512998,0.483472019,0.366173208,0.43948102,0.478738427
57,0.266792353,0.282730606,6645,-0.060635027,0.059879974,-0.054585826,0.054475376,0.368586004,0.478433043,0.375412023,0.44689703,0.473946619
58,0.282730606,0.298668859,11805,-0.059871025,0.059172973,-0.047581226,0.047169974,0.362304002,0.483461022,0.374049807,0.433182031,0.471484232
59,0.298668859,0.314607111,6579,-0.045282025,0.044644974,-0.035872527,0.035776173,0.361923009,0.469228029,0.364179698,0.426420033,0.460485843
60,0.314607111,0.330545364,7027,-0.03635703,0.03555597,-0.029087728,0.028348271,0.348432004,0.45568803,0.360171205,0.41594103,0.445762733
61,0.330545364,0.346483617,5694,-0.027072029,0.026271971,-0.02100343,0.020185471,0.326088965,0.440047026,0.336993228,0.383529022,0.427444021
62,0.346483617,0.362421869,3012,-0.01875603,0.01787997,-0.014739031,0.013841219,0.33750698,0.412833005,0.343592718,0.376801014,0.408612011
63,0.362421869,0.378360122,1715,-0.013136032,0.012270968,-0.010994132,0.010134567,0.362677962,0.395071,0.365061271,0.376801014,0.391669089
