index,y_lo,y_hi,count,x_lo,x_hi,x_q05,x_q95,z_lo,z_hi,z_q05,z_q50,z_q95
0,-0.699359059,-0.682329401,605,-0.006989941,0.00232506,-0.00601214,0.00149506,0.101764105,0.109843105,0.102490905,0.105572112,0.108920503
1,-0.682329401,-0.665299742,745,-0.009609942,0.004840058,-0.008735142,0.004111659,0.100049101,0.112809107,0.100880505,0.106287107,0.111664706
2,-0.665299742,-0.648270084,1318,-0.012003943,0.007320057,-0.010832443,0.006448008,0.097249106,0.115520105,0.098264152,0.107662104,0.114514156
3,-0.648270084,-0.631240425,1019,-0.012562945,0.007999055,-0.012147244,0.007547356,0.097138099,0.116664097,0.097486001,0.106287099,0.115873506
4,-0.631240425,-0.614210767,913,-0.012866946,0.008334054,-0.012508546,0.007963054,0.097431093,0.117996097,0.098141696,0.112110093,0.117454895
5,-0.614210767,-0.597181108,789,-0.013060948,0.008624052,-0.012848747,0.008349053,0.097659096,0.119293094,0.098375896,0.1127261,0.118683495
6,-0.597181108,-0.58015145,696,-0.013376948,0.008923051,-0.013009949,0.008585302,0.097714096,0.119665086,0.098268097,0.111291092,0.119181842
7,-0.58015145,-0.563121792,829,-0.013780951,0.009277049,-0.01346855,0.00887785,0.097753093,0.121011086,0.098418488,0.113805093,0.120254491
8,-0.563121792,-0.546092133,775,-0.014136952,0.009628047,-0.013693452,0.009262048,0.097809091,0.12128409,0.098379789,0.112726092,0.12063089
9,-0.546092133,-0.529062475,824,-0.014398954,0.009977046,-0.014008503,0.009549797,0.097804092,0.121804088,0.098359542,0.114025589,0.12144434
10,-0.529062475,-0.512032816,921,-0.014739955,0.010287045,-0.014306954,0.009918044,0.09778408,0.122817084,0.098497085,0.115141079,0.122301079
11,-0.512032816,-0.495003158,946,-0.015116956,0.010706044,-0.014631205,0.010200295,0.09777008,0.123585083,0.098511584,0.114759583,0.12267608
12,-0.495003158,-0.4779735,865,-0.015555958,0.011134041,-0.015113558,0.010719442,0.097731084,0.123400085,0.098441881,0.113442078,0.123112682
13,-0.4779735,-0.460943841,1024,-0.016083959,0.011680041,-0.015625209,0.011209892,0.097715072,0.124100074,0.098443179,0.113442071,0.123675176
14,-0.460943841,-0.443914183,950,-0.016673962,0.012298039,-0.01618861,0.01182014,0.097722076,0.125334069,0.098754078,0.113442071,0.124562224
15,-0.443914183,-0.426884524,1106,-0.017350962,0.013013037,-0.016756461,0.012397537,0.097708076,0.12700808,0.098745078,0.116304077,0.126069576
16,-0.426884524,-0.409854866,1162,-0.018131964,0.013818037,-0.017507865,0.013070787,0.09768007,0.12813507,0.098740121,0.116304077,0.127421379
17,-0.409854866,-0.392825207,1158,-0.019065967,0.014742034,-0.018496564,0.014083635,0.097562067,0.129175082,0.098670019,0.114873067,0.12819302
18,-0.392825207,-0.375795549,1440,-0.019986967,0.015714034,-0.019265266,0.014917684,0.097467065,0.130988061,0.09887392,0.120210569,0.130198261
19,-0.375795549,-0.358765891,1971,-0.020986969,0.524084032,-0.020059467,0.52115804,0.097402059,0.383018106,0.098973066,0.126293063,0.382280126
20,-0.358765891,-0.341736232,2630,-0.02205197,0.517969072,-0.020697069,0.512004763,0.097418062,0.382594109,0.099672959,0.131646059,0.381274776
21,-0.341736232,-0.324706574,4706,-0.529595017,0.505214036,-0.522668004,0.497564785,0.097555056,0.383375108,0.102257062,0.360963553,0.381116837
22,-0.324706574,-0.307676915,6056,-0.521488011,0.492909044,-0.511166736,0.484207779,0.097901061,0.382815093,0.103927812,0.359143049,0.380343348
23,-0.307676915,-0.290647257,7807,-0.505990982,0.479803026,-0.494784462,0.470362037,0.09774705,0.381015092,0.102691653,0.352340072,0.377725184
24,-0.290647257,-0.273617598,8648,-0.490829974,0.466874033,-0.479335265,0.457252584,0.096496053,0.378457099,0.104012502,0.337654069,0.374259259
25,-0.273617598,-0.25658794,10149,-0.47487998,0.453784019,-0.462590367,0.443175018,0.095739052,0.374633074,0.100698052,0.320552051,0.36903066
26,-0.25658794,-0.239558282,10684,-0.458846956,0.440603018,-0.446899062,0.429969689,0.098594055,0.370712072,0.105085045,0.309398055,0.365277052
27,-0.239558282,-0.222528623,11169,-0.443460971,0.427210033,-0.431806982,0.416179037,0.098589048,0.367070049,0.103390045,0.293306053,0.362143862
28,-0.222528623,-0.205498965,11419,-0.428325981,0.413570017,-0.415802175,0.401371631,0.099653043,0.36305207,0.104662244,0.282720059,0.358312371
29,-0.205498965,-0.188469306,12968,-0.412403971,0.400418043,-0.39911277,0.387919427,0.099973045,0.359022051,0.106713843,0.273179561,0.353999607
30,-0.188469306,-0.171439648,14149,-0.39735797,0.386749029,-0.383277577,0.372917026,0.099466041,0.355066061,0.105963439,0.267997056,0.350023669
31,-0.171439648,-0.154409989,15554,-0.382110983,0.372711033,-0.36742475,0.359138791,0.099630035,0.351347059,0.107560587,0.265115052,0.345960051
32,-0.154409989,-0.137380331,16874,-0.366957992,0.358440995,-0.352365057,0.344556499,0.10020604,0.347236067,0.107366337,0.262886554,0.342747407
33,-0.137380331,-0.120350673,16768,-0.351565987,0.344040006,-0.336352839,0.328710943,0.100810029,0.343374074,0.111404631,0.260858551,0.338580357
34,-0.120350673,-0.103321014,17860,-0.336140007,0.329685986,-0.319607741,0.313681006,0.100917026,0.339407057,0.110416929,0.248265043,0.334139021
35,-0.103321014,-0.086291356,19959,-0.321361005,0.315109015,-0.303743988,0.298256993,0.051581018,0.335513026,0.07302232,0.227552041,0.329235917
36,-0.086291356,-0.069261697,29907,-0.305792004,0.300552011,-0.281565011,0.276717794,0.003614011,0.331571043,0.018703811,0.153737023,0.323978421
37,-0.069261697,-0.052232039,36491,-0.290527999,0.285477996,-0.251113504,0.246334001,0.002323007,0.327652037,0.00794901,0.129904032,0.316984028
38,-0.052232039,-0.035202381,39993,-0.275105,0.27017501,-0.234007201,0.230254,0.001647005,0.323518038,0.006528207,0.137451008,0.31258263
39,-0.035202381,-0.018172722,36541,-0.259256989,0.254382998,-0.226438999,0.221589997,0.001469005,0.319241017,0.007499006,0.130213022,0.309472024
40,-0.018172722,-0.001143064,27975,-0.243384004,0.238445997,-0.218392697,0.213189295,2e-09,0.315052032,0.010419003,0.164541021,0.307395935
41,-0.001143064,0.015886595,26368,-0.227680996,0.223152995,-0.206995554,0.202326649,0.000667,0.311114043,0.085107356,0.177192517,0.305419487
42,0.015886595,0.032916253,27855,-0.211780995,0.207285002,-0.189802495,0.184617601,0.08566501,0.307194024,0.101394916,0.173468009,0.300609532
43,0.032916253,0.049945912,17662,-0.195926994,0.191441,-0.178170994,0.173623195,0.123206005,0.303245038,0.133660218,0.222705528,0.298447876
44,0.049945912,0.06697557,18256,-0.180096999,0.175527006,-0.164232999,0.159145996,0.125852004,0.299353033,0.134680014,0.222571015,0.293937288
45,0.06697557,0.084005228,20369,-0.164076,0.159190997,-0.145631999,0.141131201,0.121552996,0.295017034,0.132360795,0.216654018,0.289901233
46,0.084005228,0.101034887,23056,-0.147506997,0.143140003,-0.127746016,0.122995742,0.118575998,0.290611029,0.128639497,0.224527515,0.283958785
47,0.101034887,0.118064545,26118,-0.131046012,0.126807988,-0.112006009,0.107633993,0.094125003,0.28600502,0.121356551,0.229058512,0.280572753
48,0.118064545,0.135094204,23027,-0.118190005,0.113383994,-0.100575015,0.096378789,0.058674987,0.283553988,0.078720692,0.18793501,0.274880302
49,0.135094204,0.152123862,29068,-0.107772015,0.103362985,-0.072267964,0.067818934,0.010707981,0.277024001,0.025084985,0.120864492,0.232557014
50,0.152123862,0.169153521,25949,-0.102428012,0.098078988,-0.072965617,0.068605582,0.004722978,0.274901986,0.01265078,0.10036999,0.227347615
51,0.169153521,0.186183179,25467,-0.090810016,0.086494982,-0.074067017,0.069757684,0.002749976,0.232875004,0.005577877,0.115587994,0.223217095
52,0.186183179,0.203212837,20623,-0.094773017,0.090587988,-0.081919613,0.077425985,0.000669973,0.243888006,0.004271975,0.13043499,0.231619599
53,0.203212837,0.220242496,15616,-0.098524019,0.094410978,-0.072263513,0.068176737,0.001369971,0.264402986,0.005875972,0.13534499,0.250739254
54,0.220242496,0.237272154,9770,-0.07034602,0.066139981,-0.065131122,0.061095979,0.000722968,0.280025005,0.006125969,0.185952485,0.270785987
55,0.237272154,0.254301813,7146,-0.046240021,0.042001978,-0.02073252,0.01651748,0.159317985,0.331757993,0.179226983,0.229547001,0.324497014
56,0.254301813,0.271331471,9045,-0.047293022,0.042903978,-0.042319822,0.038080978,0.202473998,0.32743299,0.220758006,0.28540501,0.322983408
57,0.271331471,0.288361129,9012,-0.040649023,0.036603976,-0.034995322,0.030957575,0.231110007,0.328559011,0.239739937,0.291628495,0.326932354
58,0.288361129,0.305390788,9218,-0.037062027,0.032921974,-0.032137025,0.028043674,0.229644984,0.326570988,0.239343836,0.294443995,0.321268591
59,0.305390788,0.322420446,7286,-0.031913027,0.027782975,-0.027855277,0.023573224,0.228653982,0.315461993,0.233133737,0.275582999,0.309927009
60,0.322420446,0.339450105,8683,-0.026542028,0.022228973,-0.022770731,0.018436672,0.220338985,0.306713015,0.228859092,0.264661968,0.30047349
61,0.339450105,0.356479763,6058,-0.020752029,0.01635397,-0.015926079,0.01164157,0.210296988,0.296024978,0.21522028,0.261035964,0.291648422
62,0.356479763,0.373509422,3255,-0.017440032,0.01312397,-0.013991032,0.009915168,0.216838986,0.289148957,0.222188979,0.262252957,0.284487462
63,0.373509422,0.39053908,2727,-0.014619033,0.010171968,-0.012256833,0.007799867,0.251586974,0.284623981,0.255829558,0.264399976,0.282849884
